
use vshop
-- add account -- 

INSERT INTO `role` VALUES (1,'ADMIN','Quản trị'),(2,'acc','Người dùng');
INSERT INTO `vshop`.`account` (`address`, `email`, `fullName`, `password`, `phone`, `status`, `totalPrice`, `userName`, `idRole`) VALUES ('asd', 'a@a.a', 'a', '$2a$10$DBlJeD5o3MJrYGxNlUF2K.6fojpOhGlaXIzkpcLQ2t0.AYKYVBr/6', '12312', '1', '0', 'a', '1');
INSERT INTO `vshop`.`account` (`address`, `email`, `fullName`, `password`, `phone`, `status`, `totalPrice`, `userName`, `idRole`) VALUES ('asd1', 'a@a1.a', 'a1', '$2a$10$DBlJeD5o3MJrYGxNlUF2K.6fojpOhGlaXIzkpcLQ2t0.AYKYVBr/6', '12312', '1', '0', 'b', '2');

-- add category
INSERT INTO `vshop`.`category` ( `Category`, `descriptions`, `imgUrl`) VALUES ( 'Trái cây', 'Trái cây thu hoạch tại vườn ', '/resources/images/cat-1.jpg');
INSERT INTO `vshop`.`category` ( `Category`, `descriptions`, `imgUrl`) VALUES ( 'Rau củ quả', 'Rau trồng Oganic', '/resources/images/cat-3.jpg');
INSERT INTO `vshop`.`category` ( `Category`, `descriptions`, `imgUrl`) VALUES ( 'Thịt tươi', 'Thịt tươi áđá', '/resources/images/cat-5.jpg');



-- add sp
INSERT INTO `vshop`.`product` ( `Cost`, `Product`, `descriptions`, `imgUrl`, `quantity`, `shortdescription`, `soldQuantity`, `unit`, `weight`, `idCategory`) VALUES ('100000', 'Cam', 'Cam thu hoạch tại vườn', '/resources/images/cat-1.jpg', '50', 'Cam tươi', '0', 'kg', '1', '1');
INSERT INTO `vshop`.`product` (`Cost`, `Product`, `descriptions`, `imgUrl`, `quantity`, `shortdescription`, `soldQuantity`, `unit`, `weight`, `idCategory`) VALUES ( '30000', 'Xà lách', 'Xà lách ăn mì tôm', '/resources/images/thumb-2.jpg', '50', 'Xà lách tươi ngon', '0', 'g', '500', '2');
INSERT INTO `vshop`.`product` ( `Cost`, `Product`, `descriptions`, `imgUrl`, `quantity`, `shortdescription`, `soldQuantity`, `unit`, `weight`, `idCategory`) VALUES ('1000000', 'Thịt bò', 'Thịt bò ăn mì tôm', '/resources/images/product-1.jpg', '50', 'Thị bò kobe', '0', 'kg', '1', '3');
-- add order
INSERT INTO `vshop`.`orders` (`idOrder`, `dateOrder`, `status`, `sub_total`, `id_account`) VALUES ('1', '2022-04-03 19:50:57', 'Đã thanh toán', '200000', '2');
INSERT INTO `vshop`.`orders` (`idOrder`, `dateOrder`, `status`, `sub_total`, `id_account`) VALUES ('2', '2022-04-03 21:08:41', 'Thanh toán khi nhận hàng', '100000', '2');
INSERT INTO `vshop`.`orders` (`idOrder`, `dateOrder`, `status`, `sub_total`, `id_account`) VALUES ('3', '2022-04-03 22:37:50', 'Thanh toán khi nhận hàng', '60000', '1');
INSERT INTO `vshop`.`orders` (`idOrder`, `dateOrder`, `status`, `sub_total`, `id_account`) VALUES ('4', '2022-04-03 22:58:39', 'Thanh toán khi nhận hàng', '100000', '1');
INSERT INTO `vshop`.`orders` (`idOrder`, `dateOrder`, `status`, `sub_total`, `id_account`) VALUES ('5', '2022-04-04 10:58:42', 'Thanh toán khi nhận hàng', '151330000', '2');
INSERT INTO `vshop`.`orders` (`idOrder`, `dateOrder`, `status`, `sub_total`, `id_account`) VALUES ('6', '2022-04-04 11:48:00', 'Thanh toán khi nhận hàng', '100000', '2');
INSERT INTO `vshop`.`orders` (`idOrder`, `dateOrder`, `status`, `sub_total`, `id_account`) VALUES ('7', '2022-04-04 11:49:57', 'Thanh toán khi nhận hàng', '100000', '2');
INSERT INTO `vshop`.`orders` (`idOrder`, `dateOrder`, `status`, `sub_total`, `id_account`) VALUES ('8', '2022-04-04 12:12:48', 'Thanh toán khi nhận hàng', '100000', '2');
INSERT INTO `vshop`.`orders` (`idOrder`, `dateOrder`, `status`, `sub_total`, `id_account`) VALUES ('9', '2022-04-04 12:19:20', 'Thanh toán khi nhận hàng', '100000', '2');
INSERT INTO `vshop`.`orders` (`idOrder`, `dateOrder`, `status`, `sub_total`, `id_account`) VALUES ('10', '2022-04-04 12:21:08', 'Thanh toán khi nhận hàng', '100000', '2');
INSERT INTO `vshop`.`orders` (`idOrder`, `dateOrder`, `status`, `sub_total`, `id_account`) VALUES ('11', '2022-04-04 12:25:22', 'Thanh toán khi nhận hàng', '200000', '2');
INSERT INTO `vshop`.`orders` (`idOrder`, `dateOrder`, `status`, `sub_total`, `id_account`) VALUES ('13', '2022-04-04 21:26:38', 'Thanh toán khi nhận hàng', '1200000', '2');
INSERT INTO `vshop`.`orders` (`idOrder`, `dateOrder`, `status`, `sub_total`, `id_account`) VALUES ('14', '2022-04-04 21:28:38', 'Thanh toán khi nhận hàng', '1200000', '2');
INSERT INTO `vshop`.`orders` (`idOrder`, `dateOrder`, `status`, `sub_total`, `id_account`) VALUES ('16', '2022-04-04 21:29:36', 'Thanh toán khi nhận hàng', '1200000', '2');
INSERT INTO `vshop`.`orders` (`idOrder`, `dateOrder`, `status`, `sub_total`, `id_account`) VALUES ('17', '2022-04-04 21:31:39', 'Thanh toán khi nhận hàng', '1200000', '2');
INSERT INTO `vshop`.`orders` (`idOrder`, `dateOrder`, `status`, `sub_total`, `id_account`) VALUES ('18', '2022-04-04 21:32:57', 'Thanh toán khi nhận hàng', '1200000', '2');
INSERT INTO `vshop`.`orders` (`idOrder`, `dateOrder`, `status`, `sub_total`, `id_account`) VALUES ('19', '2022-04-04 21:34:41', 'Thanh toán khi nhận hàng', '1200000', '2');
INSERT INTO `vshop`.`orders` (`idOrder`, `dateOrder`, `status`, `sub_total`, `id_account`) VALUES ('20', '2022-04-04 21:36:51', 'Thanh toán khi nhận hàng', '1200000', '2');
INSERT INTO `vshop`.`orders` (`idOrder`, `dateOrder`, `status`, `sub_total`, `id_account`) VALUES ('21', '2022-04-04 21:47:08', 'Thanh toán khi nhận hàng', '1200000', '2');
INSERT INTO `vshop`.`orders` (`idOrder`, `dateOrder`, `status`, `sub_total`, `id_account`) VALUES ('22', '2022-04-04 21:48:56', 'Thanh toán khi nhận hàng', '1200000', '2');
INSERT INTO `vshop`.`orders` (`idOrder`, `dateOrder`, `status`, `sub_total`, `id_account`) VALUES ('23', '2022-04-04 21:49:55', 'Thanh toán khi nhận hàng', '1200000', '2');
INSERT INTO `vshop`.`orders` (`idOrder`, `dateOrder`, `status`, `sub_total`, `id_account`) VALUES ('24', '2022-04-04 21:54:03', 'Thanh toán khi nhận hàng', '1200000', '2');
INSERT INTO `vshop`.`orders` (`idOrder`, `dateOrder`, `status`, `sub_total`, `id_account`) VALUES ('25', '2022-04-04 21:56:43', 'Thanh toán khi nhận hàng', '1200000', '2');
INSERT INTO `vshop`.`orders` (`idOrder`, `dateOrder`, `status`, `sub_total`, `id_account`) VALUES ('26', '2022-04-04 22:03:22', 'Thanh toán khi nhận hàng', '1200000', '2');
INSERT INTO `vshop`.`orders` (`idOrder`, `dateOrder`, `status`, `sub_total`, `id_account`) VALUES ('27', '2022-04-04 22:04:50', 'Thanh toán khi nhận hàng', '100000', '2');
INSERT INTO `vshop`.`orders` (`idOrder`, `dateOrder`, `status`, `sub_total`, `id_account`) VALUES ('28', '2022-04-04 22:06:13', 'Thanh toán khi nhận hàng', '100000', '2');
INSERT INTO `vshop`.`orders` (`idOrder`, `dateOrder`, `status`, `sub_total`, `id_account`) VALUES ('29', '2022-04-04 22:07:26', 'Thanh toán khi nhận hàng', '200000', '2');
INSERT INTO `vshop`.`orders` (`idOrder`, `dateOrder`, `status`, `sub_total`, `id_account`) VALUES ('30', '2022-04-04 22:08:39', 'Thanh toán khi nhận hàng', '100000', '2');
INSERT INTO `vshop`.`orders` (`idOrder`, `dateOrder`, `status`, `sub_total`, `id_account`) VALUES ('31', '2022-04-04 22:11:47', 'Thanh toán khi nhận hàng', '100000', '2');
INSERT INTO `vshop`.`orders` (`idOrder`, `dateOrder`, `status`, `sub_total`, `id_account`) VALUES ('32', '2022-04-04 22:25:31', 'Thanh toán khi nhận hàng', '100000', '2');
INSERT INTO `vshop`.`orders` (`idOrder`, `dateOrder`, `status`, `sub_total`, `id_account`) VALUES ('33', '2022-04-04 22:29:04', 'Đã thanh toán', '100000', '2');
INSERT INTO `vshop`.`orders` (`idOrder`, `dateOrder`, `status`, `sub_total`, `id_account`) VALUES ('34', '2022-04-05 09:29:47', 'Thanh toán khi nhận hàng', '100000', '1');
INSERT INTO `vshop`.`orders` (`idOrder`, `dateOrder`, `status`, `sub_total`, `id_account`) VALUES ('35', '2022-04-05 09:31:53', 'Thanh toán khi nhận hàng', '100000', '1');
INSERT INTO `vshop`.`orders` (`idOrder`, `dateOrder`, `status`, `sub_total`, `id_account`) VALUES ('36', '2022-04-05 09:33:04', 'Thanh toán khi nhận hàng', '100000', '1');
INSERT INTO `vshop`.`orders` (`idOrder`, `dateOrder`, `status`, `sub_total`, `id_account`) VALUES ('37', '2022-04-05 09:37:56', 'Thanh toán khi nhận hàng', '100000', '1');
INSERT INTO `vshop`.`orders` (`idOrder`, `dateOrder`, `status`, `sub_total`, `id_account`) VALUES ('38', '2022-04-05 09:41:38', 'Thanh toán khi nhận hàng', '100000', '1');
INSERT INTO `vshop`.`orders` (`idOrder`, `dateOrder`, `status`, `sub_total`, `id_account`) VALUES ('39', '2022-04-05 09:45:17', 'Thanh toán khi nhận hàng', '100000', '1');
INSERT INTO `vshop`.`orders` (`idOrder`, `dateOrder`, `status`, `sub_total`, `id_account`) VALUES ('40', '2022-04-05 10:04:31', 'Thanh toán khi nhận hàng', '1100000', '1');
INSERT INTO `vshop`.`orders` (`idOrder`, `dateOrder`, `status`, `sub_total`, `id_account`) VALUES ('41', '2022-04-05 10:16:57', 'Thanh toán khi nhận hàng', '100000', '1');
INSERT INTO `vshop`.`orders` (`idOrder`, `dateOrder`, `status`, `sub_total`, `id_account`) VALUES ('42', '2022-04-05 10:26:03', 'Thanh toán khi nhận hàng', '100000', '1');
INSERT INTO `vshop`.`orders` (`idOrder`, `dateOrder`, `status`, `sub_total`, `id_account`) VALUES ('43', '2022-04-05 10:27:53', 'Thanh toán khi nhận hàng', '100000', '1');
-- add order details
INSERT INTO `vshop`.`orderdetails` (`idOrderdetails`, `quantity`, `subTotal`, `id_Order`, `id_Product`) VALUES ('1', '2', '200000', '1', '1');
INSERT INTO `vshop`.`orderdetails` (`idOrderdetails`, `quantity`, `subTotal`, `id_Order`, `id_Product`) VALUES ('2', '1', '100000', '2', '1');
INSERT INTO `vshop`.`orderdetails` (`idOrderdetails`, `quantity`, `subTotal`, `id_Order`, `id_Product`) VALUES ('3', '1', '30000', '3', '5');
INSERT INTO `vshop`.`orderdetails` (`idOrderdetails`, `quantity`, `subTotal`, `id_Order`, `id_Product`) VALUES ('4', '1', '30000', '3', '2');
INSERT INTO `vshop`.`orderdetails` (`idOrderdetails`, `quantity`, `subTotal`, `id_Order`, `id_Product`) VALUES ('5', '1', '100000', '4', '1');
INSERT INTO `vshop`.`orderdetails` (`idOrderdetails`, `quantity`, `subTotal`, `id_Order`, `id_Product`) VALUES ('6', '2', '200000', '5', '1');
INSERT INTO `vshop`.`orderdetails` (`idOrderdetails`, `quantity`, `subTotal`, `id_Order`, `id_Product`) VALUES ('7', '5001', '150030000', '5', '2');
INSERT INTO `vshop`.`orderdetails` (`idOrderdetails`, `quantity`, `subTotal`, `id_Order`, `id_Product`) VALUES ('8', '1', '1000000', '5', '3');
INSERT INTO `vshop`.`orderdetails` (`idOrderdetails`, `quantity`, `subTotal`, `id_Order`, `id_Product`) VALUES ('9', '1', '100000', '5', '13');
INSERT INTO `vshop`.`orderdetails` (`idOrderdetails`, `quantity`, `subTotal`, `id_Order`, `id_Product`) VALUES ('10', '1', '100000', '6', '1');
INSERT INTO `vshop`.`orderdetails` (`idOrderdetails`, `quantity`, `subTotal`, `id_Order`, `id_Product`) VALUES ('11', '1', '100000', '7', '1');
INSERT INTO `vshop`.`orderdetails` (`idOrderdetails`, `quantity`, `subTotal`, `id_Order`, `id_Product`) VALUES ('12', '1', '100000', '8', '1');
INSERT INTO `vshop`.`orderdetails` (`idOrderdetails`, `quantity`, `subTotal`, `id_Order`, `id_Product`) VALUES ('13', '1', '100000', '9', '1');
INSERT INTO `vshop`.`orderdetails` (`idOrderdetails`, `quantity`, `subTotal`, `id_Order`, `id_Product`) VALUES ('14', '1', '100000', '10', '1');
INSERT INTO `vshop`.`orderdetails` (`idOrderdetails`, `quantity`, `subTotal`, `id_Order`, `id_Product`) VALUES ('15', '2', '200000', '11', '1');
INSERT INTO `vshop`.`orderdetails` (`idOrderdetails`, `quantity`, `subTotal`, `id_Order`, `id_Product`) VALUES ('16', '1', '100000', '12', '1');
INSERT INTO `vshop`.`orderdetails` (`idOrderdetails`, `quantity`, `subTotal`, `id_Order`, `id_Product`) VALUES ('17', '2', '200000', '13', '1');
INSERT INTO `vshop`.`orderdetails` (`idOrderdetails`, `quantity`, `subTotal`, `id_Order`, `id_Product`) VALUES ('18', '1', '1000000', '13', '3');
INSERT INTO `vshop`.`orderdetails` (`idOrderdetails`, `quantity`, `subTotal`, `id_Order`, `id_Product`) VALUES ('19', '2', '200000', '14', '1');
INSERT INTO `vshop`.`orderdetails` (`idOrderdetails`, `quantity`, `subTotal`, `id_Order`, `id_Product`) VALUES ('20', '1', '1000000', '14', '3');
INSERT INTO `vshop`.`orderdetails` (`idOrderdetails`, `quantity`, `subTotal`, `id_Order`, `id_Product`) VALUES ('21', '2', '200000', '15', '1');
INSERT INTO `vshop`.`orderdetails` (`idOrderdetails`, `quantity`, `subTotal`, `id_Order`, `id_Product`) VALUES ('22', '1', '1000000', '15', '3');
INSERT INTO `vshop`.`orderdetails` (`idOrderdetails`, `quantity`, `subTotal`, `id_Order`, `id_Product`) VALUES ('23', '2', '200000', '16', '1');
INSERT INTO `vshop`.`orderdetails` (`idOrderdetails`, `quantity`, `subTotal`, `id_Order`, `id_Product`) VALUES ('24', '1', '1000000', '16', '3');
INSERT INTO `vshop`.`orderdetails` (`idOrderdetails`, `quantity`, `subTotal`, `id_Order`, `id_Product`) VALUES ('25', '2', '200000', '17', '1');
INSERT INTO `vshop`.`orderdetails` (`idOrderdetails`, `quantity`, `subTotal`, `id_Order`, `id_Product`) VALUES ('26', '1', '1000000', '17', '3');
INSERT INTO `vshop`.`orderdetails` (`idOrderdetails`, `quantity`, `subTotal`, `id_Order`, `id_Product`) VALUES ('27', '2', '200000', '18', '1');
INSERT INTO `vshop`.`orderdetails` (`idOrderdetails`, `quantity`, `subTotal`, `id_Order`, `id_Product`) VALUES ('28', '1', '1000000', '18', '3');
INSERT INTO `vshop`.`orderdetails` (`idOrderdetails`, `quantity`, `subTotal`, `id_Order`, `id_Product`) VALUES ('29', '2', '200000', '19', '1');
INSERT INTO `vshop`.`orderdetails` (`idOrderdetails`, `quantity`, `subTotal`, `id_Order`, `id_Product`) VALUES ('30', '1', '1000000', '19', '3');
INSERT INTO `vshop`.`orderdetails` (`idOrderdetails`, `quantity`, `subTotal`, `id_Order`, `id_Product`) VALUES ('31', '2', '200000', '20', '1');
INSERT INTO `vshop`.`orderdetails` (`idOrderdetails`, `quantity`, `subTotal`, `id_Order`, `id_Product`) VALUES ('32', '1', '1000000', '20', '3');
INSERT INTO `vshop`.`orderdetails` (`idOrderdetails`, `quantity`, `subTotal`, `id_Order`, `id_Product`) VALUES ('33', '2', '200000', '21', '1');
INSERT INTO `vshop`.`orderdetails` (`idOrderdetails`, `quantity`, `subTotal`, `id_Order`, `id_Product`) VALUES ('34', '1', '1000000', '21', '3');
INSERT INTO `vshop`.`orderdetails` (`idOrderdetails`, `quantity`, `subTotal`, `id_Order`, `id_Product`) VALUES ('35', '2', '200000', '22', '1');
INSERT INTO `vshop`.`orderdetails` (`idOrderdetails`, `quantity`, `subTotal`, `id_Order`, `id_Product`) VALUES ('36', '1', '1000000', '22', '3');
INSERT INTO `vshop`.`orderdetails` (`idOrderdetails`, `quantity`, `subTotal`, `id_Order`, `id_Product`) VALUES ('37', '2', '200000', '23', '1');
INSERT INTO `vshop`.`orderdetails` (`idOrderdetails`, `quantity`, `subTotal`, `id_Order`, `id_Product`) VALUES ('38', '1', '1000000', '23', '3');
INSERT INTO `vshop`.`orderdetails` (`idOrderdetails`, `quantity`, `subTotal`, `id_Order`, `id_Product`) VALUES ('39', '2', '200000', '24', '1');
INSERT INTO `vshop`.`orderdetails` (`idOrderdetails`, `quantity`, `subTotal`, `id_Order`, `id_Product`) VALUES ('40', '1', '1000000', '24', '3');
INSERT INTO `vshop`.`orderdetails` (`idOrderdetails`, `quantity`, `subTotal`, `id_Order`, `id_Product`) VALUES ('41', '2', '200000', '25', '1');
INSERT INTO `vshop`.`orderdetails` (`idOrderdetails`, `quantity`, `subTotal`, `id_Order`, `id_Product`) VALUES ('42', '1', '1000000', '25', '3');
INSERT INTO `vshop`.`orderdetails` (`idOrderdetails`, `quantity`, `subTotal`, `id_Order`, `id_Product`) VALUES ('43', '2', '200000', '26', '1');
INSERT INTO `vshop`.`orderdetails` (`idOrderdetails`, `quantity`, `subTotal`, `id_Order`, `id_Product`) VALUES ('44', '1', '1000000', '26', '3');
INSERT INTO `vshop`.`orderdetails` (`idOrderdetails`, `quantity`, `subTotal`, `id_Order`, `id_Product`) VALUES ('45', '1', '100000', '27', '1');
INSERT INTO `vshop`.`orderdetails` (`idOrderdetails`, `quantity`, `subTotal`, `id_Order`, `id_Product`) VALUES ('46', '1', '100000', '28', '1');
INSERT INTO `vshop`.`orderdetails` (`idOrderdetails`, `quantity`, `subTotal`, `id_Order`, `id_Product`) VALUES ('47', '2', '200000', '29', '1');
INSERT INTO `vshop`.`orderdetails` (`idOrderdetails`, `quantity`, `subTotal`, `id_Order`, `id_Product`) VALUES ('48', '1', '100000', '30', '1');
INSERT INTO `vshop`.`orderdetails` (`idOrderdetails`, `quantity`, `subTotal`, `id_Order`, `id_Product`) VALUES ('49', '1', '100000', '31', '1');
INSERT INTO `vshop`.`orderdetails` (`idOrderdetails`, `quantity`, `subTotal`, `id_Order`, `id_Product`) VALUES ('50', '1', '100000', '32', '1');
INSERT INTO `vshop`.`orderdetails` (`idOrderdetails`, `quantity`, `subTotal`, `id_Order`, `id_Product`) VALUES ('51', '1', '100000', '33', '1');
INSERT INTO `vshop`.`orderdetails` (`idOrderdetails`, `quantity`, `subTotal`, `id_Order`, `id_Product`) VALUES ('52', '1', '100000', '34', '1');
INSERT INTO `vshop`.`orderdetails` (`idOrderdetails`, `quantity`, `subTotal`, `id_Order`, `id_Product`) VALUES ('53', '1', '100000', '35', '1');
INSERT INTO `vshop`.`orderdetails` (`idOrderdetails`, `quantity`, `subTotal`, `id_Order`, `id_Product`) VALUES ('54', '1', '100000', '36', '1');
INSERT INTO `vshop`.`orderdetails` (`idOrderdetails`, `quantity`, `subTotal`, `id_Order`, `id_Product`) VALUES ('55', '1', '100000', '37', '1');
INSERT INTO `vshop`.`orderdetails` (`idOrderdetails`, `quantity`, `subTotal`, `id_Order`, `id_Product`) VALUES ('56', '1', '100000', '38', '1');
INSERT INTO `vshop`.`orderdetails` (`idOrderdetails`, `quantity`, `subTotal`, `id_Order`, `id_Product`) VALUES ('57', '1', '100000', '39', '1');
INSERT INTO `vshop`.`orderdetails` (`idOrderdetails`, `quantity`, `subTotal`, `id_Order`, `id_Product`) VALUES ('58', '1', '1000000', '40', '3');
INSERT INTO `vshop`.`orderdetails` (`idOrderdetails`, `quantity`, `subTotal`, `id_Order`, `id_Product`) VALUES ('59', '1', '100000', '40', '13');
INSERT INTO `vshop`.`orderdetails` (`idOrderdetails`, `quantity`, `subTotal`, `id_Order`, `id_Product`) VALUES ('60', '1', '100000', '41', '1');
INSERT INTO `vshop`.`orderdetails` (`idOrderdetails`, `quantity`, `subTotal`, `id_Order`, `id_Product`) VALUES ('61', '1', '100000', '42', '1');
INSERT INTO `vshop`.`orderdetails` (`idOrderdetails`, `quantity`, `subTotal`, `id_Order`, `id_Product`) VALUES ('62', '1', '100000', '43', '1');
-- add shipinfo
INSERT INTO `vshop`.`shippinginfo` (`id`, `address`, `customer`, `phone`, `shippingCost`, `order_idOrder`) VALUES ('1', 'quang nam', 'Phú Việt', '09090909', '200000', '1');
INSERT INTO `vshop`.`shippinginfo` (`id`, `address`, `customer`, `phone`, `shippingCost`, `order_idOrder`) VALUES ('2', 'quang nam', 'Phú Việt', '09090909', '100000', '2');
INSERT INTO `vshop`.`shippinginfo` (`id`, `address`, `customer`, `phone`, `shippingCost`, `order_idOrder`) VALUES ('3', 'Tân Khai - Quảng Nam', 'Phú Việt', '099999999', '60000', '3');
INSERT INTO `vshop`.`shippinginfo` (`id`, `address`, `customer`, `phone`, `shippingCost`, `order_idOrder`) VALUES ('4', 'Tân Khai - Quảng Nam', 'Phú Việt', '099999999', '100000', '4');
INSERT INTO `vshop`.`shippinginfo` (`id`, `address`, `customer`, `phone`, `shippingCost`, `order_idOrder`) VALUES ('5', 'quang nam', 'Phú Việt', '09090909', '151330000', '5');
INSERT INTO `vshop`.`shippinginfo` (`id`, `address`, `customer`, `phone`, `shippingCost`, `order_idOrder`) VALUES ('6', 'quang nam', 'Phú Việt', '09090909', '100000', '6');
INSERT INTO `vshop`.`shippinginfo` (`id`, `address`, `customer`, `phone`, `shippingCost`, `order_idOrder`) VALUES ('7', 'quang nam', 'Phú Việt', '09090909', '100000', '7');
INSERT INTO `vshop`.`shippinginfo` (`id`, `address`, `customer`, `phone`, `shippingCost`, `order_idOrder`) VALUES ('8', 'quang nam', 'Phú Việt', '09090909', '100000', '8');
INSERT INTO `vshop`.`shippinginfo` (`id`, `address`, `customer`, `phone`, `shippingCost`, `order_idOrder`) VALUES ('9', 'quang nam', 'Phú Việt', '09090909', '100000', '9');
INSERT INTO `vshop`.`shippinginfo` (`id`, `address`, `customer`, `phone`, `shippingCost`, `order_idOrder`) VALUES ('10', 'quang nam', 'Phú Việt', '09090909', '100000', '10');
INSERT INTO `vshop`.`shippinginfo` (`id`, `address`, `customer`, `phone`, `shippingCost`, `order_idOrder`) VALUES ('11', 'quang nam', 'Phú Việt', '09090909', '200000', '11');
INSERT INTO `vshop`.`shippinginfo` (`id`, `address`, `customer`, `phone`, `shippingCost`, `order_idOrder`) VALUES ('12', 'quang nam', 'Phú Việt', '09090909', '100000', '12');
INSERT INTO `vshop`.`shippinginfo` (`id`, `address`, `customer`, `phone`, `shippingCost`, `order_idOrder`) VALUES ('13', 'quang nam', 'Phú Việt', '09090909', '1200000', '13');
INSERT INTO `vshop`.`shippinginfo` (`id`, `address`, `customer`, `phone`, `shippingCost`, `order_idOrder`) VALUES ('14', 'quang nam', 'Phú Việt', '09090909', '1200000', '14');
INSERT INTO `vshop`.`shippinginfo` (`id`, `address`, `customer`, `phone`, `shippingCost`, `order_idOrder`) VALUES ('15', 'quang nam', 'Phú Việt', '09090909', '1200000', '16');
INSERT INTO `vshop`.`shippinginfo` (`id`, `address`, `customer`, `phone`, `shippingCost`, `order_idOrder`) VALUES ('16', 'quang nam', 'Phú Việt', '09090909', '1200000', '17');
INSERT INTO `vshop`.`shippinginfo` (`id`, `address`, `customer`, `phone`, `shippingCost`, `order_idOrder`) VALUES ('17', 'quang nam', 'Phú Việt', '09090909', '1200000', '18');
INSERT INTO `vshop`.`shippinginfo` (`id`, `address`, `customer`, `phone`, `shippingCost`, `order_idOrder`) VALUES ('18', 'quang nam', 'Phú Việt', '09090909', '1200000', '19');
INSERT INTO `vshop`.`shippinginfo` (`id`, `address`, `customer`, `phone`, `shippingCost`, `order_idOrder`) VALUES ('19', 'quang nam', 'Phú Việt', '09090909', '1200000', '20');
INSERT INTO `vshop`.`shippinginfo` (`id`, `address`, `customer`, `phone`, `shippingCost`, `order_idOrder`) VALUES ('20', 'quang nam', 'Phú Việt', '09090909', '1200000', '21');
INSERT INTO `vshop`.`shippinginfo` (`id`, `address`, `customer`, `phone`, `shippingCost`, `order_idOrder`) VALUES ('21', 'quang nam', 'Phú Việt', '09090909', '1200000', '22');
INSERT INTO `vshop`.`shippinginfo` (`id`, `address`, `customer`, `phone`, `shippingCost`, `order_idOrder`) VALUES ('22', 'quang nam', 'Phú Việt', '09090909', '1200000', '23');
INSERT INTO `vshop`.`shippinginfo` (`id`, `address`, `customer`, `phone`, `shippingCost`, `order_idOrder`) VALUES ('23', 'quang nam', 'Phú Việt', '09090909', '1200000', '24');
INSERT INTO `vshop`.`shippinginfo` (`id`, `address`, `customer`, `phone`, `shippingCost`, `order_idOrder`) VALUES ('24', 'quang nam', 'Phú Việt', '09090909', '1200000', '25');
INSERT INTO `vshop`.`shippinginfo` (`id`, `address`, `customer`, `phone`, `shippingCost`, `order_idOrder`) VALUES ('25', 'quang nam', 'Phú Việt', '09090909', '1200000', '26');
INSERT INTO `vshop`.`shippinginfo` (`id`, `address`, `customer`, `phone`, `shippingCost`, `order_idOrder`) VALUES ('26', 'quang nam', 'Phú Việt', '09090909', '100000', '27');
INSERT INTO `vshop`.`shippinginfo` (`id`, `address`, `customer`, `phone`, `shippingCost`, `order_idOrder`) VALUES ('27', 'quang nam', 'Phú Việt', '09090909', '100000', '28');
INSERT INTO `vshop`.`shippinginfo` (`id`, `address`, `customer`, `phone`, `shippingCost`, `order_idOrder`) VALUES ('28', 'quang nam', 'Phú Việt', '09090909', '200000', '29');
INSERT INTO `vshop`.`shippinginfo` (`id`, `address`, `customer`, `phone`, `shippingCost`, `order_idOrder`) VALUES ('29', 'quang nam', 'Phú Việt', '09090909', '100000', '30');
INSERT INTO `vshop`.`shippinginfo` (`id`, `address`, `customer`, `phone`, `shippingCost`, `order_idOrder`) VALUES ('30', 'quang nam', 'Phú Việt', '09090909', '100000', '31');
INSERT INTO `vshop`.`shippinginfo` (`id`, `address`, `customer`, `phone`, `shippingCost`, `order_idOrder`) VALUES ('31', 'quang nam', 'Phú Việt', '09090909', '100000', '32');
INSERT INTO `vshop`.`shippinginfo` (`id`, `address`, `customer`, `phone`, `shippingCost`, `order_idOrder`) VALUES ('32', 'quang nam', 'Phú Việt', '09090909', '0', '33');
INSERT INTO `vshop`.`shippinginfo` (`id`, `address`, `customer`, `phone`, `shippingCost`, `order_idOrder`) VALUES ('33', 'Tân Khai - Quảng Nam', 'Phú Việt', '099999999', '100000', '34');
INSERT INTO `vshop`.`shippinginfo` (`id`, `address`, `customer`, `phone`, `shippingCost`, `order_idOrder`) VALUES ('34', 'Tân Khai - Quảng Nam', 'Phú Việt', '099999999', '100000', '35');
INSERT INTO `vshop`.`shippinginfo` (`id`, `address`, `customer`, `phone`, `shippingCost`, `order_idOrder`) VALUES ('35', 'Tân Khai - Quảng Nam', 'Phú Việt', '099999999', '100000', '36');
INSERT INTO `vshop`.`shippinginfo` (`id`, `address`, `customer`, `phone`, `shippingCost`, `order_idOrder`) VALUES ('36', 'Tân Khai - Quảng Nam', 'Phú Việt', '099999999', '100000', '37');
INSERT INTO `vshop`.`shippinginfo` (`id`, `address`, `customer`, `phone`, `shippingCost`, `order_idOrder`) VALUES ('37', 'Tân Khai - Quảng Nam', 'Phú Việt', '099999999', '100000', '38');
INSERT INTO `vshop`.`shippinginfo` (`id`, `address`, `customer`, `phone`, `shippingCost`, `order_idOrder`) VALUES ('38', 'Tân Khai - Quảng Nam', 'Phú Việt', '099999999', '100000', '39');
INSERT INTO `vshop`.`shippinginfo` (`id`, `address`, `customer`, `phone`, `shippingCost`, `order_idOrder`) VALUES ('39', 'Tân Khai - Quảng Nam', 'Phú Việt', '099999999', '1100000', '40');
INSERT INTO `vshop`.`shippinginfo` (`id`, `address`, `customer`, `phone`, `shippingCost`, `order_idOrder`) VALUES ('40', 'Tân Khai - Quảng Nam', 'Phú Việt', '099999999', '100000', '41');
INSERT INTO `vshop`.`shippinginfo` (`id`, `address`, `customer`, `phone`, `shippingCost`, `order_idOrder`) VALUES ('41', 'Tân Khai - Quảng Nam', 'Phú Việt', '099999999', '100000', '42');
INSERT INTO `vshop`.`shippinginfo` (`id`, `address`, `customer`, `phone`, `shippingCost`, `order_idOrder`) VALUES ('42', 'Tân Khai - Quảng Nam', 'Phú Việt', '099999999', '100000', '43');
